title,genre,language,mood,companion,year_range,rating,poster_url
3 Idiots,comedy,Hindi,happy,friends,2000-2010,8.4,
Interstellar,scifi,English,thoughtful,alone,2010-2020,8.6,
Avengers Endgame,action,English,excited,friends,2010-2020,8.4,
Titanic,romance,English,romantic,date,1990-2000,7.9,
Taare Zameen Par,drama,Hindi,sad,family,2000-2010,8.3
Zindagi Na Milegi Dobara,drama,Hindi,thoughtful,friends,2010-2020,8.2
PK,comedy,Hindi,thoughtful,family,2010-2020,8.1
Doctor Strange,action,English,excited,friends,2010-2020,7.5
Frozen,animation,English,happy,family,2010-2020,7.4
The Conjuring,thriller,English,excited,friends,2010-2020,7.5